{"episode_reward_max": -0.015599966049194336, "episode_reward_min": -0.4155999422073364, "episode_reward_mean": -0.09018800407648087, "episode_len_mean": 45.255, "episodes_this_eval": 200, "policies": {"ppo_deepmind_selfplay_v2_1": {"policy_reward_min": -2.0, "policy_reward_max": 1.9844000339508057, "policy_reward_mean": 0.49976202845573425, "policy_total_games": 200, "policy_wins": 128, "policy_losses": 72, "policy_draws": 0, "policy_win_rate": 0.64, "blue_team": {"policy_blue_team_reward_min": -2.0, "policy_blue_team_reward_max": 1.982800006866455, "policy_blue_team_reward_mean": 0.303847998380661, "policy_blue_team_total_games": 100, "policy_blue_team_wins": 59, "policy_blue_team_losses": 41, "policy_blue_team_draws": 0, "policy_blue_team_win_rate": 0.59}, "orange_team": {"policy_orange_team_reward_min": -2.0, "policy_orange_team_reward_max": 1.9844000339508057, "policy_orange_team_reward_mean": 0.6956760287284851, "policy_orange_team_total_games": 100, "policy_orange_team_wins": 69, "policy_orange_team_losses": 31, "policy_orange_team_draws": 0, "policy_orange_team_win_rate": 0.69}}, "ceia_baseline_agent": {"policy_reward_min": -2.0, "policy_reward_max": 1.983199954032898, "policy_reward_mean": -0.5899500250816345, "policy_total_games": 200, "policy_wins": 72, "policy_losses": 128, "policy_draws": 0, "policy_win_rate": 0.36, "blue_team": {"policy_blue_team_reward_min": -2.0, "policy_blue_team_reward_max": 1.982800006866455, "policy_blue_team_reward_mean": -0.7875399589538574, "policy_blue_team_total_games": 100, "policy_blue_team_wins": 31, "policy_blue_team_losses": 69, "policy_blue_team_draws": 0, "policy_blue_team_win_rate": 0.31}, "orange_team": {"policy_orange_team_reward_min": -2.0, "policy_orange_team_reward_max": 1.983199954032898, "policy_orange_team_reward_mean": -0.39236000180244446, "policy_orange_team_total_games": 100, "policy_orange_team_wins": 41, "policy_orange_team_losses": 59, "policy_orange_team_draws": 0, "policy_orange_team_win_rate": 0.41}}}, "hist_stats": {"ppo_deepmind_selfplay_v2_1": {"rewards": [-2.0, 1.9675999879837036, -2.0, -2.0, -2.0, 1.9423999786376953, 1.864799976348877, -2.0, -2.0, 1.9259999990463257, 1.9739999771118164, 1.9371999502182007, 1.9600000381469727, -2.0, -2.0, -2.0, 1.9271999597549438, 1.9423999786376953, 1.9063999652862549, 1.9176000356674194, 1.982800006866455, 1.9019999504089355, 1.94159996509552, -2.0, 1.919600009918213, 1.9184000492095947, -2.0, -2.0, 1.9160000085830688, -2.0, 1.9819999933242798, 1.948799967765808, -2.0, 1.8143999576568604, 1.9595999717712402, -2.0, -2.0, 1.9800000190734863, 1.7359999418258667, 1.9259999990463257, 1.958400011062622, 1.920799970626831, 1.8516000509262085, 1.9335999488830566, 1.9687999486923218, -2.0, 1.9823999404907227, 1.9656000137329102, 1.8911999464035034, -2.0, -2.0, 1.9839999675750732, -2.0, -2.0, -2.0, -2.0, -2.0, -2.0, 1.94159996509552, 1.9456000328063965, -2.0, -2.0, 1.9567999839782715, -2.0, -2.0, 1.9536000490188599, -2.0, 1.861199975013733, 1.8868000507354736, 1.8380000591278076, 1.829200029373169, 1.8167999982833862, 1.5844000577926636, 1.9076000452041626, 1.9019999504089355, 1.9235999584197998, -2.0, 1.8708000183105469, 1.902400016784668, 1.8436000347137451, 1.8955999612808228, -2.0, 1.9107999801635742, 1.9844000339508057, 1.9731999635696411, 1.9520000219345093, -2.0, 1.8555999994277954, 1.5951999425888062, -2.0, 1.951200008392334, 1.7984000444412231, -2.0, 1.9500000476837158, 1.9395999908447266, 1.955199956893921, 1.9420000314712524, -2.0, 1.8839999437332153, -2.0, -2.0, 1.8467999696731567, 1.9556000232696533, 1.958799958229065, 1.9744000434875488, 1.9636000394821167, -2.0, 1.8079999685287476, -2.0, -2.0, 1.9639999866485596, 1.8916000127792358, -2.0, -2.0, 1.817199945449829, 1.9471999406814575, -2.0, 1.8788000345230103, 1.9423999786376953, 1.8395999670028687, -2.0, 1.917199969291687, 1.9323999881744385, 1.906000018119812, -2.0, 1.8631999492645264, -2.0, 1.9112000465393066, 1.944000005722046, 1.972000002861023, 1.9667999744415283, -2.0, 1.9199999570846558, 1.7771999835968018, 1.7364000082015991, 1.9523999691009521, 1.9459999799728394, -2.0, 1.9043999910354614, -2.0, -2.0, 1.972000002861023, 1.9775999784469604, 1.9564000368118286, 1.9539999961853027, 1.94159996509552, -2.0, 1.7851999998092651, -2.0, 1.8991999626159668, 1.930400013923645, 1.968000054359436, 1.9611999988555908, 1.8847999572753906, 1.767199993133545, 1.9515999555587769, -2.0, 1.9240000247955322, 1.919600009918213, 1.8980000019073486, -2.0, 1.8624000549316406, 1.9672000408172607, 1.9168000221252441, 1.9759999513626099, -2.0, -2.0, 1.979599952697754, -2.0, 1.9055999517440796, -2.0, -2.0, -2.0, 1.944000005722046, 1.924399971961975, -2.0, 1.7408000230789185, 1.9783999919891357, -2.0, 1.684000015258789, 1.9420000314712524, 1.853600025177002, -2.0, -2.0, 1.8344000577926636, -2.0, -2.0, 1.937600016593933, 1.8672000169754028, 1.9507999420166016, -2.0, 1.8896000385284424, 1.9764000177383423, 1.7319999933242798, -2.0, -2.0, 1.825600028038025, 1.9356000423431396, -2.0, -2.0], "blue_team": {"rewards": [-2.0, -2.0, -2.0, 1.864799976348877, -2.0, 1.9739999771118164, 1.9600000381469727, -2.0, 1.9271999597549438, 1.9063999652862549, 1.982800006866455, 1.94159996509552, 1.919600009918213, -2.0, 1.9160000085830688, 1.9819999933242798, -2.0, 1.9595999717712402, -2.0, 1.7359999418258667, 1.958400011062622, 1.8516000509262085, 1.9687999486923218, 1.9823999404907227, 1.8911999464035034, -2.0, -2.0, -2.0, -2.0, 1.94159996509552, -2.0, 1.9567999839782715, -2.0, -2.0, 1.8868000507354736, 1.829200029373169, 1.5844000577926636, 1.9019999504089355, -2.0, 1.902400016784668, 1.8955999612808228, 1.9107999801635742, 1.9731999635696411, -2.0, 1.5951999425888062, 1.951200008392334, -2.0, 1.9395999908447266, 1.9420000314712524, 1.8839999437332153, -2.0, 1.9556000232696533, 1.9744000434875488, -2.0, -2.0, 1.9639999866485596, -2.0, 1.817199945449829, -2.0, 1.9423999786376953, -2.0, 1.9323999881744385, -2.0, -2.0, 1.944000005722046, 1.9667999744415283, 1.9199999570846558, 1.7364000082015991, 1.9459999799728394, 1.9043999910354614, -2.0, 1.9775999784469604, 1.9539999961853027, -2.0, -2.0, 1.930400013923645, 1.9611999988555908, 1.767199993133545, -2.0, 1.919600009918213, -2.0, 1.9672000408172607, 1.9759999513626099, -2.0, -2.0, -2.0, -2.0, 1.924399971961975, 1.7408000230789185, -2.0, 1.9420000314712524, -2.0, 1.8344000577926636, -2.0, 1.8672000169754028, -2.0, 1.9764000177383423, -2.0, 1.825600028038025, -2.0]},